{
  "Ansi 12 Color (Light)" : {
    "Green Component" : 0.62352937459945679,
    "Red Component" : 0.44705879688262939,
    "Blue Component" : 0.81176471710205078
  },
  "HotKey Modifier Flags" : 1179648,
  "Ansi 15 Color (Dark)" : {
    "Green Component" : 0.93333327770233154,
    "Red Component" : 0.93333327770233154,
    "Blue Component" : 0.92549020051956177
  },
  "Foreground Color (Dark)" : {
    "Green Component" : 1,
    "Red Component" : 1,
    "Blue Component" : 1
  },
  "Cursor Text Color" : {
    "Green Component" : 0,
    "Red Component" : 0,
    "Blue Component" : 0
  },
  "Prompt Before Closing 2" : false,
  "Unicode Normalization" : 0,
  "Ansi 3 Color (Dark)" : {
    "Green Component" : 0.62745100259780884,
    "Red Component" : 0.76862752437591553,
    "Blue Component" : 0
  },
  "HotKey Window Floats" : false,
  "Ansi 12 Color (Dark)" : {
    "Green Component" : 0.62352937459945679,
    "Red Component" : 0.44705879688262939,
    "Blue Component" : 0.81176471710205078
  },
  "HotKey Modifier Activation" : 0,
  "Initial Use Transparency" : false,
  "Mouse Reporting" : true,
  "Disable Window Resizing" : true,
  "BM Growl" : true,
  "Background Color (Dark)" : {
    "Green Component" : 0,
    "Red Component" : 0,
    "Blue Component" : 0
  },
  "Guid" : "7CDEB275-E04F-4218-B5F7-06B2D2D20014",
  "Cursor Color (Dark)" : {
    "Green Component" : 1,
    "Red Component" : 1,
    "Blue Component" : 1
  },
  "HotKey Window AutoHides" : false,
  "Selection Color (Dark)" : {
    "Green Component" : 0.8353000283241272,
    "Red Component" : 0.70980000495910645,
    "Blue Component" : 1
  },
  "HotKey Characters" : "x",
  "Only The Default BG Color Uses Transparency" : true,
  "Scrollback Lines" : 1000,
  "Badge Color (Dark)" : {
    "Red Component" : 0.92929404973983765,
    "Color Space" : "P3",
    "Blue Component" : 0.13960540294647217,
    "Alpha Component" : 0.5,
    "Green Component" : 0.25479039549827576
  },
  "Ansi 0 Color (Dark)" : {
    "Green Component" : 0,
    "Red Component" : 0,
    "Blue Component" : 0
  },
  "Transparency" : 0.40000997340425531,
  "Use Bright Bold" : true,
  "Horizontal Spacing" : 1,
  "Ansi 13 Color (Light)" : {
    "Green Component" : 0.49803918600082397,
    "Red Component" : 0.67843139171600342,
    "Blue Component" : 0.65882349014282227
  },
  "Blur" : true,
  "Ansi 13 Color" : {
    "Green Component" : 0.49803918600082397,
    "Red Component" : 0.67843139171600342,
    "Blue Component" : 0.65882349014282227
  },
  "Ansi 2 Color (Dark)" : {
    "Green Component" : 0.60392159223556519,
    "Red Component" : 0.30588239431381226,
    "Blue Component" : 0.023529410362243652
  },
  "Cursor Color" : {
    "Green Component" : 1,
    "Red Component" : 1,
    "Blue Component" : 1
  },
  "Unicode Version" : 9,
  "Option Key Sends" : 2,
  "Idle Code" : 0,
  "Ansi 13 Color (Dark)" : {
    "Green Component" : 0.49803918600082397,
    "Red Component" : 0.67843139171600342,
    "Blue Component" : 0.65882349014282227
  },
  "HotKey Window Reopens On Activation" : true,
  "Send Code When Idle" : false,
  "Selection Color" : {
    "Green Component" : 0.8353000283241272,
    "Blue Component" : 1,
    "Red Component" : 0.70980000495910645
  },
  "Non-ASCII Ligatures" : false,
  "Terminal Type" : "xterm-256color",
  "Right Option Key Sends" : 2,
  "Background Color" : {
    "Green Component" : 0,
    "Red Component" : 0,
    "Blue Component" : 0
  },
  "Ansi 10 Color (Dark)" : {
    "Green Component" : 0.88627451658248901,
    "Red Component" : 0.54117649793624878,
    "Blue Component" : 0.2039216011762619
  },
  "Ansi 10 Color" : {
    "Green Component" : 0.88627451658248901,
    "Red Component" : 0.54117649793624878,
    "Blue Component" : 0.2039216011762619
  },
  "Vertical Spacing" : 1,
  "Columns" : 80,
  "Ansi 2 Color (Light)" : {
    "Green Component" : 0.60392159223556519,
    "Red Component" : 0.30588239431381226,
    "Blue Component" : 0.023529410362243652
  },
  "Screen" : -2,
  "Cursor Text Color (Dark)" : {
    "Green Component" : 0,
    "Red Component" : 0,
    "Blue Component" : 0
  },
  "Description" : "Default",
  "Unlimited Scrollback" : false,
  "Use Italic Font" : true,
  "Working Directory" : "\/Users\/aviweinstock-herman",
  "Selected Text Color (Dark)" : {
    "Green Component" : 0,
    "Red Component" : 0,
    "Blue Component" : 0
  },
  "Visual Bell" : true,
  "Link Color (Light)" : {
    "Red Component" : 0.14513972401618958,
    "Color Space" : "P3",
    "Blue Component" : 0.7093239426612854,
    "Alpha Component" : 1,
    "Green Component" : 0.35333043336868286
  },
  "Ansi 1 Color (Dark)" : {
    "Green Component" : 0,
    "Red Component" : 0.80000001192092896,
    "Blue Component" : 0
  },
  "Default Bookmark" : "No",
  "Ansi 14 Color (Light)" : {
    "Green Component" : 0.88627451658248901,
    "Red Component" : 0.2039216011762619,
    "Blue Component" : 0.88627451658248901
  },
  "Ansi 7 Color (Light)" : {
    "Green Component" : 0.84313732385635376,
    "Red Component" : 0.82745099067687988,
    "Blue Component" : 0.81176471710205078
  },
  "Ansi 3 Color (Light)" : {
    "Green Component" : 0.62745100259780884,
    "Red Component" : 0.76862752437591553,
    "Blue Component" : 0
  },
  "Title Components" : 1996,
  "Ansi 9 Color (Dark)" : {
    "Green Component" : 0.16078430414199829,
    "Red Component" : 0.93725490570068359,
    "Blue Component" : 0.16078430414199829
  },
  "Badge Color (Light)" : {
    "Red Component" : 0.92929404973983765,
    "Color Space" : "P3",
    "Blue Component" : 0.13960540294647217,
    "Alpha Component" : 0.5,
    "Green Component" : 0.25479039549827576
  },
  "Ansi 14 Color (Dark)" : {
    "Green Component" : 0.88627451658248901,
    "Red Component" : 0.2039216011762619,
    "Blue Component" : 0.88627451658248901
  },
  "Tags" : [

  ],
  "Link Color (Dark)" : {
    "Red Component" : 0.14513972401618958,
    "Color Space" : "P3",
    "Blue Component" : 0.7093239426612854,
    "Alpha Component" : 1,
    "Green Component" : 0.35333043336868286
  },
  "Custom Command" : "No",
  "Jobs to Ignore" : [
    "rlogin",
    "ssh",
    "slogin",
    "telnet"
  ],
  "Use Non-ASCII Font" : true,
  "Custom Directory" : "No",
  "Ansi 8 Color (Light)" : {
    "Red Component" : 0.40784313725490196,
    "Color Space" : "P3",
    "Blue Component" : 0.40000000000000002,
    "Alpha Component" : 1,
    "Green Component" : 0.41176470588235292
  },
  "Bold Color (Light)" : {
    "Green Component" : 1,
    "Red Component" : 1,
    "Blue Component" : 1
  },
  "Name" : "Default",
  "Space" : 0,
  "Ansi 11 Color (Dark)" : {
    "Green Component" : 0.91372549533843994,
    "Red Component" : 0.98823529481887817,
    "Blue Component" : 0.30980390310287476
  },
  "HotKey Alternate Shortcuts" : [

  ],
  "Ansi 14 Color" : {
    "Green Component" : 0.88627451658248901,
    "Red Component" : 0.2039216011762619,
    "Blue Component" : 0.88627451658248901
  },
  "Blur Radius" : 2.1000000000000001,
  "Rows" : 25,
  "Background Color (Light)" : {
    "Green Component" : 0,
    "Red Component" : 0,
    "Blue Component" : 0
  },
  "Cursor Guide Color (Light)" : {
    "Red Component" : 0.74862593412399292,
    "Color Space" : "P3",
    "Blue Component" : 0.99125725030899048,
    "Alpha Component" : 0.25,
    "Green Component" : 0.92047786712646484
  },
  "Ansi 6 Color (Dark)" : {
    "Green Component" : 0.59607851505279541,
    "Red Component" : 0.023529410362243652,
    "Blue Component" : 0.60392159223556519
  },
  "Background Image Mode" : 0,
  "Cursor Color (Light)" : {
    "Green Component" : 1,
    "Red Component" : 1,
    "Blue Component" : 1
  },
  "Ansi 15 Color (Light)" : {
    "Green Component" : 0.93333327770233154,
    "Red Component" : 0.93333327770233154,
    "Blue Component" : 0.92549020051956177
  },
  "HotKey Characters Ignoring Modifiers" : "X",
  "Ansi 11 Color" : {
    "Green Component" : 0.91372549533843994,
    "Red Component" : 0.98823529481887817,